{"cameraMode":{"drawMode":0,"name":"Shaded","section":"Shading Mode"},"sceneLighting":true,"audioPlay":false,"sceneViewState":{"m_AlwaysRefresh":false,"showFog":true,"showSkybox":true,"showFlares":true,"showImageEffects":true,"showParticleSystems":true,"showVisualEffectGraphs":true,"m_FxEnabled":true},"in2DMode":false,"pivot":{"x":0.18827489018440247,"y":-0.1476207673549652,"z":-118.27725982666016},"rotation":{"x":-0.03442999720573425,"y":0.011669649742543698,"z":-0.9990232586860657,"w":0.002019658451899886},"size":1.8041844367980958,"orthographic":false}