{"cameraMode":{"drawMode":0,"name":"Shaded","section":"Shading Mode"},"sceneLighting":true,"audioPlay":false,"sceneViewState":{"m_AlwaysRefresh":false,"showFog":true,"showSkybox":true,"showFlares":true,"showImageEffects":true,"showParticleSystems":true,"showVisualEffectGraphs":true,"m_FxEnabled":true},"in2DMode":false,"pivot":{"x":-0.6773513555526733,"y":1.3324040174484254,"z":-100.76439666748047},"rotation":{"x":-0.05275764688849449,"y":-0.03235207870602608,"z":0.0017102280398830772,"w":-0.9980827569961548},"size":14.293340682983399,"orthographic":false}